REF,Company (Manufacturer),Company Location,Review Date,Country of Bean Origin,Specific Bean Origin or Bar Name,Cocoa Percent,Ingredients,Most Memorable Characteristics,Rating,ingredient_count,ingredients_list,B,C,L,S,S*,Sa,V,sweet,nutty,cocoa,roasty,earthy,creamy,fatty,sandy,floral,sour,spicy,intense,fruit,molasses,woody,vanilla,sticky,dried fruit,rich,coffee,tart,caramel,grassy,bitter,spice,gritty,dry,fruity,rich cocoa,dairy,oily,brownie,complex,banana,acidic,smokey,astringent,pungent,cherry,off,vegetal,tobacco,honey,smoke,metallic,nut,melon,mild fruit,rubbery,dirty,hammy,smooth,strawberry,mild bitter,off notes,bold,red berry,coarse,citrus,burnt,muted,basic cocoa,rubber,green,black pepper,marshmallow,tangy,bland,chemical,nuts,licorice,raisins,orange
2162,Argencove,Nicaragua,2018,Nicaragua,Cocibolca,0.7,"2- B,S","roasty, rich cocoa",3.5,2," B,S",1,0,0,1,0,0,0,0,0,0,1,0,0,0,0,0,0,0,0,0,0,0,0,0,0,0,0,0,0,0,0,0,0,0,0,1,0,0,0,0,0,0,0,0,0,0,0,0,0,0,0,0,0,0,0,0,0,0,0,0,0,0,0,0,0,0,0,0,0,0,0,0,0,0,0,0,0,0,0,0
2562,Aruntam,Italy,2021,India,"Idukki Kerala, lot IN728221",0.72,"4- B,S,C,L","cinamon, nutmeg, fatty",3.25,4," B,S,C,L",1,1,1,1,0,0,0,0,0,0,0,0,0,1,0,0,0,0,0,0,0,0,0,0,0,0,0,0,0,0,0,0,0,0,0,0,0,0,0,0,0,0,0,0,0,0,0,0,0,0,0,0,0,0,0,0,0,0,0,0,0,0,0,0,0,0,0,0,0,0,0,0,0,0,0,0,0,0,0,0
2294,Bankston,U.S.A.,2019,Tanzania,Kokoa Kamili,0.72,"3- B,S,C","base cocoa, mild fruit, roasty",3.25,3," B,S,C",1,1,0,1,0,0,0,0,0,0,1,0,0,0,0,0,0,0,0,0,0,0,0,0,0,0,0,0,0,0,0,0,0,0,0,0,0,0,0,0,0,0,0,0,0,0,0,0,0,0,0,0,0,0,1,0,0,0,0,0,0,0,0,0,0,0,0,0,0,0,0,0,0,0,0,0,0,0,0,0
2190,Belvie,Vietnam,2018,Vietnam,Lam Dong,0.75,"3- B,S,C","high acidity, nutty, roasty",3.25,3," B,S,C",1,1,0,1,0,0,0,0,1,0,1,0,0,0,0,0,0,0,0,0,0,0,0,0,0,0,0,0,0,0,0,0,0,0,0,0,0,0,0,0,0,0,0,0,0,0,0,0,0,0,0,0,0,0,0,0,0,0,0,0,0,0,0,0,0,0,0,0,0,0,0,0,0,0,0,0,0,0,0,0
2084,Bitacora,Venezuela,2018,Venezuela,Aragua,0.7,"4- B,S,C,L","smooth texture, earthy, nutty",3.5,4," B,S,C,L",1,1,1,1,0,0,0,0,1,0,0,1,0,0,0,0,0,0,0,0,0,0,0,0,0,0,0,0,0,0,0,0,0,0,0,0,0,0,0,0,0,0,0,0,0,0,0,0,0,0,0,0,0,0,0,0,0,0,0,0,0,0,0,0,0,0,0,0,0,0,0,0,0,0,0,0,0,0,0,0
2554,Bonnat,France,2021,Nicaragua,"El Castillero, Indio Maiz",0.75,"3- B,S,C","bold, woody, nut, roasty, creamy",3.75,3," B,S,C",1,1,0,1,0,0,0,0,0,0,1,0,1,0,0,0,0,0,0,0,0,1,0,0,0,0,0,0,0,0,0,0,0,0,0,0,0,0,0,0,0,0,0,0,0,0,0,0,0,0,0,0,1,0,0,0,0,0,0,0,0,0,1,0,0,0,0,0,0,0,0,0,0,0,0,0,0,0,0,0
2558,Caofiori,Colombia,2021,Colombia,Choco,0.7,"4- B,S,C,L","single note of cocoa, fatty",3.5,4," B,S,C,L",1,1,1,1,0,0,0,0,0,0,0,0,0,1,0,0,0,0,0,0,0,0,0,0,0,0,0,0,0,0,0,0,0,0,0,0,0,0,0,0,0,0,0,0,0,0,0,0,0,0,0,0,0,0,0,0,0,0,0,0,0,0,0,0,0,0,0,0,0,0,0,0,0,0,0,0,0,0,0,0
2558,Caofiori,Colombia,2021,Colombia,Arauca,0.7,"4- B,S,C,L","spice, oats, nutty, fatty",3.25,4," B,S,C,L",1,1,1,1,0,0,0,0,1,0,0,0,0,1,0,0,0,0,0,0,0,0,0,0,0,0,0,0,0,0,0,1,0,0,0,0,0,0,0,0,0,0,0,0,0,0,0,0,0,0,0,0,0,0,0,0,0,0,0,0,0,0,0,0,0,0,0,0,0,0,0,0,0,0,0,0,0,0,0,0
2558,Caofiori,Colombia,2021,Colombia,Tumaco,0.7,"4- B,S,C,L","spice, honey, fatty",3.25,4," B,S,C,L",1,1,1,1,0,0,0,0,0,0,0,0,0,1,0,0,0,0,0,0,0,0,0,0,0,0,0,0,0,0,0,1,0,0,0,0,0,0,0,0,0,0,0,0,0,0,0,0,0,1,0,0,0,0,0,0,0,0,0,0,0,0,0,0,0,0,0,0,0,0,0,0,0,0,0,0,0,0,0,0
2238,Chapon,France,2018,Venezuela,"San Esteban (Chloe, Maria, Patrice)",0.68,"3- B,S,C","butter, roasty, cocoa, nutty",3.5,3," B,S,C",1,1,0,1,0,0,0,0,1,1,1,0,0,0,0,0,0,0,0,0,0,0,0,0,0,0,0,0,0,0,0,0,0,0,0,0,0,0,0,0,0,0,0,0,0,0,0,0,0,0,0,0,0,0,0,0,0,0,0,0,0,0,0,0,0,0,0,0,0,0,0,0,0,0,0,0,0,0,0,0
2534,Chokola,U.S.A.,2020,Belize,"Maya Mountain, 2017 harvest, Batch 11",0.7,"2- B,S","fruity, honey, cocoa, roasty",3.75,2," B,S",1,0,0,1,0,0,0,0,0,1,1,0,0,0,0,0,0,0,0,0,0,0,0,0,0,0,0,0,0,0,0,0,0,0,1,0,0,0,0,0,0,0,0,0,0,0,0,0,0,1,0,0,0,0,0,0,0,0,0,0,0,0,0,0,0,0,0,0,0,0,0,0,0,0,0,0,0,0,0,0
2638,Chokola,U.S.A.,2021,Tanzania,"Kokoa Kamili, harvest 2018",0.75,"2- B,S","roasty, cocoa, sandy, coffee AT",3.5,2," B,S",1,0,0,1,0,0,0,0,0,1,1,0,0,0,1,0,0,0,0,0,0,0,0,0,0,0,0,0,0,0,0,0,0,0,0,0,0,0,0,0,0,0,0,0,0,0,0,0,0,0,0,0,0,0,0,0,0,0,0,0,0,0,0,0,0,0,0,0,0,0,0,0,0,0,0,0,0,0,0,0
2630,Cleveland Chocolate Company,U.S.A.,2021,Dominican Republic,Oko Caribe,0.7,"3- B,S,C","spice, earthy, honey, sour",3.5,3," B,S,C",1,1,0,1,0,0,0,0,0,0,0,1,0,0,0,0,1,0,0,0,0,0,0,0,0,0,0,0,0,0,0,1,0,0,0,0,0,0,0,0,0,0,0,0,0,0,0,0,0,1,0,0,0,0,0,0,0,0,0,0,0,0,0,0,0,0,0,0,0,0,0,0,0,0,0,0,0,0,0,0
2466,Crow and Moss,U.S.A.,2020,Dominican Republic,"Zorzal, batch 40",0.7,"2- B,S","deep cherry, earthy, rubbery",3.25,2," B,S",1,0,0,1,0,0,0,0,0,0,0,1,0,0,0,0,0,0,0,0,0,0,0,0,0,0,0,0,0,0,0,0,0,0,0,0,0,0,0,0,0,0,0,0,0,0,0,0,0,0,0,0,0,0,0,1,0,0,0,0,0,0,0,0,0,0,0,0,0,0,0,0,0,0,0,0,0,0,0,0
2574,Dancing Lion,U.S.A.,2021,Peru,"Ucayali, collab w/ USAID & Alanzo Cacao",0.72,"4- B,S,C,L","raisiny, slight anise, roasty",3.5,4," B,S,C,L",1,1,1,1,0,0,0,0,0,0,1,0,0,0,0,0,0,0,0,0,0,0,0,0,0,0,0,0,0,0,0,0,0,0,0,0,0,0,0,0,0,0,0,0,0,0,0,0,0,0,0,0,0,0,0,0,0,0,0,0,0,0,0,0,0,0,0,0,0,0,0,0,0,0,0,0,0,0,0,0
2466,Dick Taylor,U.S.A.,2020,Blend,"Northerner, Madagascar and Brazil",0.73,"2- B,S","burnt honey, earthy",3.5,2," B,S",1,0,0,1,0,0,0,0,0,0,0,1,0,0,0,0,0,0,0,0,0,0,0,0,0,0,0,0,0,0,0,0,0,0,0,0,0,0,0,0,0,0,0,0,0,0,0,0,0,0,0,0,0,0,0,0,0,0,0,0,0,0,0,0,0,0,0,0,0,0,0,0,0,0,0,0,0,0,0,0
2118,Encuentro,France,2018,Madagascar,Bejofo,0.7,"2- B,S","fruity, roasty",3.5,2," B,S",1,0,0,1,0,0,0,0,0,0,1,0,0,0,0,0,0,0,0,0,0,0,0,0,0,0,0,0,0,0,0,0,0,0,1,0,0,0,0,0,0,0,0,0,0,0,0,0,0,0,0,0,0,0,0,0,0,0,0,0,0,0,0,0,0,0,0,0,0,0,0,0,0,0,0,0,0,0,0,0
2114,Encuentro,France,2018,Dominican Republic,Oko Caribe,0.7,"2- B,S","earthy, floral, cocoa",3.25,2," B,S",1,0,0,1,0,0,0,0,0,1,0,1,0,0,0,1,0,0,0,0,0,0,0,0,0,0,0,0,0,0,0,0,0,0,0,0,0,0,0,0,0,0,0,0,0,0,0,0,0,0,0,0,0,0,0,0,0,0,0,0,0,0,0,0,0,0,0,0,0,0,0,0,0,0,0,0,0,0,0,0
2486,Finnia,Canada,2020,Blend,"Ucayali (Peru), Papua New G., Tabasco (Mexico)",0.7,"3- B,S,C","fruit, cocoa, fatty",3.25,3," B,S,C",1,1,0,1,0,0,0,0,0,1,0,0,0,1,0,0,0,0,0,1,0,0,0,0,0,0,0,0,0,0,0,0,0,0,0,0,0,0,0,0,0,0,0,0,0,0,0,0,0,0,0,0,0,0,0,0,0,0,0,0,0,0,0,0,0,0,0,0,0,0,0,0,0,0,0,0,0,0,0,0
2150,Five (5)Mile,U.S.A.,2018,Dominican Republic,"Oko Caribe, San Fran. De Mac.,batch A",0.75,"2- B,S","roasty, simple",3.5,2," B,S",1,0,0,1,0,0,0,0,0,0,1,0,0,0,0,0,0,0,0,0,0,0,0,0,0,0,0,0,0,0,0,0,0,0,0,0,0,0,0,0,0,0,0,0,0,0,0,0,0,0,0,0,0,0,0,0,0,0,0,0,0,0,0,0,0,0,0,0,0,0,0,0,0,0,0,0,0,0,0,0
2072,Fossa,Singapore,2018,Haiti,Pisa,0.68,"2- B,S","roasty, hazelnut, cocoa",3.5,2," B,S",1,0,0,1,0,0,0,0,0,1,1,0,0,0,0,0,0,0,0,0,0,0,0,0,0,0,0,0,0,0,0,0,0,0,0,0,0,0,0,0,0,0,0,0,0,0,0,0,0,0,0,0,0,0,0,0,0,0,0,0,0,0,0,0,0,0,0,0,0,0,0,0,0,0,0,0,0,0,0,0
2072,Fossa,Singapore,2018,Philippines,Davao,0.7,"2- B,S","sandy, dried fruit, roasty",3.25,2," B,S",1,0,0,1,0,0,0,0,0,0,1,0,0,0,1,0,0,0,0,0,0,0,0,0,1,0,0,0,0,0,0,0,0,0,0,0,0,0,0,0,0,0,0,0,0,0,0,0,0,0,0,0,0,0,0,0,0,0,0,0,0,0,0,0,0,0,0,0,0,0,0,0,0,0,0,0,0,0,0,0
2174,Fresco,U.S.A.,2018,Venezuela,"Chuao, MR, SC, batch 18-224",0.72,"3- B,S,C","roasty, mild fatty",3.25,3," B,S,C",1,1,0,1,0,0,0,0,0,0,1,0,0,0,0,0,0,0,0,0,0,0,0,0,0,0,0,0,0,0,0,0,0,0,0,0,0,0,0,0,0,0,0,0,0,0,0,0,0,0,0,0,0,0,0,0,0,0,0,0,0,0,0,0,0,0,0,0,0,0,0,0,0,0,0,0,0,0,0,0
2278,Fruition,U.S.A.,2019,Madagascar,"Sambirano, Akessons, batch 1",0.74,"2- B,S","balanced, fruit, nut, roasty",3.75,2," B,S",1,0,0,1,0,0,0,0,0,0,1,0,0,0,0,0,0,0,0,1,0,0,0,0,0,0,0,0,0,0,0,0,0,0,0,0,0,0,0,0,0,0,0,0,0,0,0,0,0,0,0,0,1,0,0,0,0,0,0,0,0,0,0,0,0,0,0,0,0,0,0,0,0,0,0,0,0,0,0,0
2554,Fruition,U.S.A.,2021,Dominican Republic,"Hispaniola, Dom. Rep. blend, batch 50",0.68,"4- B,S,C,V","dried fruit, cocoa base, fatty",3.75,4," B,S,C,V",1,1,0,1,0,0,1,0,0,0,0,0,0,1,0,0,0,0,0,0,0,0,0,0,1,0,0,0,0,0,0,0,0,0,0,0,0,0,0,0,0,0,0,0,0,0,0,0,0,0,0,0,0,0,0,0,0,0,0,0,0,0,0,0,0,0,0,0,0,0,0,0,0,0,0,0,0,0,0,0
2644,Gotham,U.S.A.,2021,Dominican Republic,Oko Caribe,0.7,"2- B,S","sandy, sweet, earthy,deep cocoa",3.25,2," B,S",1,0,0,1,0,0,0,1,0,0,0,0,0,0,1,0,0,0,0,0,0,0,0,0,0,0,0,0,0,0,0,0,0,0,0,0,0,0,0,0,0,0,0,0,0,0,0,0,0,0,0,0,0,0,0,0,0,0,0,0,0,0,0,0,0,0,0,0,0,0,0,0,0,0,0,0,0,0,0,0
2696,Great Lakes,U.S.A.,2021,Vietnam,"Dak Lak, batch 09",0.73,"3- B,S,C","roasty, sweet, fruity, cocoa",3.5,3," B,S,C",1,1,0,1,0,0,0,1,0,1,1,0,0,0,0,0,0,0,0,0,0,0,0,0,0,0,0,0,0,0,0,0,0,0,1,0,0,0,0,0,0,0,0,0,0,0,0,0,0,0,0,0,0,0,0,0,0,0,0,0,0,0,0,0,0,0,0,0,0,0,0,0,0,0,0,0,0,0,0,0
2378,Hazel Hill,U.S.A.,2019,Dominican Republic,Oko Caribe,0.7,"3- B,S,C","earthy, dirty, dried fruit",3.5,3," B,S,C",1,1,0,1,0,0,0,0,0,0,0,1,0,0,0,0,0,0,0,0,0,0,0,0,1,0,0,0,0,0,0,0,0,0,0,0,0,0,0,0,0,0,0,0,0,0,0,0,0,0,0,0,0,0,0,0,1,0,0,0,0,0,0,0,0,0,0,0,0,0,0,0,0,0,0,0,0,0,0,0
2378,Hazel Hill,U.S.A.,2019,Tanzania,Kokoa Kamili,0.72,"3- B,S,C","cocoa, fatty, fruit",3.25,3," B,S,C",1,1,0,1,0,0,0,0,0,1,0,0,0,1,0,0,0,0,0,1,0,0,0,0,0,0,0,0,0,0,0,0,0,0,0,0,0,0,0,0,0,0,0,0,0,0,0,0,0,0,0,0,0,0,0,0,0,0,0,0,0,0,0,0,0,0,0,0,0,0,0,0,0,0,0,0,0,0,0,0
2498,Kah Kow,U.S.A.,2020,Dominican Republic,"Tireo, Rizek Historical Selection, single estate",0.68,"4- B,S,C,L","rich cocoa, dried fruit, roasty",3.75,4," B,S,C,L",1,1,1,1,0,0,0,0,0,0,1,0,0,0,0,0,0,0,0,0,0,0,0,0,1,0,0,0,0,0,0,0,0,0,0,1,0,0,0,0,0,0,0,0,0,0,0,0,0,0,0,0,0,0,0,0,0,0,0,0,0,0,0,0,0,0,0,0,0,0,0,0,0,0,0,0,0,0,0,0
2502,Kah Kow,U.S.A.,2020,Dominican Republic,"West Indian, Rizek Historical S.",0.67,"4- B,S,C,L","banana, fall spices, earthy",3.75,4," B,S,C,L",1,1,1,1,0,0,0,0,0,0,0,1,0,0,0,0,0,0,0,0,0,0,0,0,0,0,0,0,0,0,0,0,0,0,0,0,0,0,0,0,1,0,0,0,0,0,0,0,0,0,0,0,0,0,0,0,0,0,0,0,0,0,0,0,0,0,0,0,0,0,0,0,0,0,0,0,0,0,0,0
2334,Kaitxo,Spain,2019,Tanzania,"Morogoro, Kamili, Kilombero Valley, batch 13",0.75,"3- B,S,C","base cocoa, fruit, fatty",3.25,3," B,S,C",1,1,0,1,0,0,0,0,0,0,0,0,0,1,0,0,0,0,0,1,0,0,0,0,0,0,0,0,0,0,0,0,0,0,0,0,0,0,0,0,0,0,0,0,0,0,0,0,0,0,0,0,0,0,0,0,0,0,0,0,0,0,0,0,0,0,0,0,0,0,0,0,0,0,0,0,0,0,0,0
2048,Land,U.K.,2018,Nicaragua,"Nicaliso, Bocay",0.73,"3- B,S,C","complex, dairy, roasty",3.5,3," B,S,C",1,1,0,1,0,0,0,0,0,0,1,0,0,0,0,0,0,0,0,0,0,0,0,0,0,0,0,0,0,0,0,0,0,0,0,0,1,0,0,1,0,0,0,0,0,0,0,0,0,0,0,0,0,0,0,0,0,0,0,0,0,0,0,0,0,0,0,0,0,0,0,0,0,0,0,0,0,0,0,0
2518,Luisa's Vegan,U.K.,2020,Papua New Guinea,Karkar Island,0.72,"3- B,S,C","smoke, fruit, ham, fatty",3.25,3," B,S,C",1,1,0,1,0,0,0,0,0,0,0,0,0,1,0,0,0,0,0,1,0,0,0,0,0,0,0,0,0,0,0,0,0,0,0,0,0,0,0,0,0,0,0,0,0,0,0,0,0,0,1,0,0,0,0,0,0,0,0,0,0,0,0,0,0,0,0,0,0,0,0,0,0,0,0,0,0,0,0,0
2502,Lumineux,U.S.A.,2020,Tanzania,"Kilombero Valley, batch 74",0.75,"3- B,S,C","fatty, dominant roast, spice",3.25,3," B,S,C",1,1,0,1,0,0,0,0,0,0,0,0,0,1,0,0,0,0,0,0,0,0,0,0,0,0,0,0,0,0,0,1,0,0,0,0,0,0,0,0,0,0,0,0,0,0,0,0,0,0,0,0,0,0,0,0,0,0,0,0,0,0,0,0,0,0,0,0,0,0,0,0,0,0,0,0,0,0,0,0
2506,Lumineux,U.S.A.,2020,Uganda,"Semuliki Forest, Latitude Trading Co, batch 100",0.68,"3- B,S,C","candied, sweet cocoa, roasty",3.25,3," B,S,C",1,1,0,1,0,0,0,0,0,0,1,0,0,0,0,0,0,0,0,0,0,0,0,0,0,0,0,0,0,0,0,0,0,0,0,0,0,0,0,0,0,0,0,0,0,0,0,0,0,0,0,0,0,0,0,0,0,0,0,0,0,0,0,0,0,0,0,0,0,0,0,0,0,0,0,0,0,0,0,0
2258,Marou,Vietnam,2018,Vietnam,"Dak Nong, Tam Farm",0.75,"3- B,S,C","fatty, roasty, nutty",3.5,3," B,S,C",1,1,0,1,0,0,0,0,1,0,1,0,0,1,0,0,0,0,0,0,0,0,0,0,0,0,0,0,0,0,0,0,0,0,0,0,0,0,0,0,0,0,0,0,0,0,0,0,0,0,0,0,0,0,0,0,0,0,0,0,0,0,0,0,0,0,0,0,0,0,0,0,0,0,0,0,0,0,0,0
2166,Metiisto,Australia,2018,Solomon Islands,"Patovaki, Paspaskato Is",0.72,"3- B,S,C","roasty/smokey, high acidity",3.25,3," B,S,C",1,1,0,1,0,0,0,0,0,0,0,0,0,0,0,0,0,0,0,0,0,0,0,0,0,0,0,0,0,0,0,0,0,0,0,0,0,0,0,0,0,0,0,0,0,0,0,0,0,0,0,0,0,0,0,0,0,0,0,0,0,0,0,0,0,0,0,0,0,0,0,0,0,0,0,0,0,0,0,0
2438,Michel Cluizel,France,2019,Guatemala,La Laguna Plantation,0.7,"4- B,S,C,V","dairy, cocoa, fatty, apple",3.5,4," B,S,C,V",1,1,0,1,0,0,1,0,0,1,0,0,0,1,0,0,0,0,0,0,0,0,0,0,0,0,0,0,0,0,0,0,0,0,0,0,1,0,0,0,0,0,0,0,0,0,0,0,0,0,0,0,0,0,0,0,0,0,0,0,0,0,0,0,0,0,0,0,0,0,0,0,0,0,0,0,0,0,0,0
2458,Misina,Czech Republic,2020,Vietnam,Vietnam,0.7,"3- B,S,C","sour fig, cocoa, creamy, fatty",3.5,3," B,S,C",1,1,0,1,0,0,0,0,0,1,0,0,1,1,0,0,0,0,0,0,0,0,0,0,0,0,0,0,0,0,0,0,0,0,0,0,0,0,0,0,0,0,0,0,0,0,0,0,0,0,0,0,0,0,0,0,0,0,0,0,0,0,0,0,0,0,0,0,0,0,0,0,0,0,0,0,0,0,0,0
2338,Moka Origins,U.S.A.,2019,Dominican Republic,Zorzal Estate,0.7,"2- B,S","dark berry, earthy",3.5,2," B,S",1,0,0,1,0,0,0,0,0,0,0,1,0,0,0,0,0,0,0,0,0,0,0,0,0,0,0,0,0,0,0,0,0,0,0,0,0,0,0,0,0,0,0,0,0,0,0,0,0,0,0,0,0,0,0,0,0,0,0,0,0,0,0,0,0,0,0,0,0,0,0,0,0,0,0,0,0,0,0,0
2142,Momotombo,Nicaragua,2018,Nicaragua,Nueva Waslala,0.7,"3- B,S,C","fatty, floral, spicy",3.25,3," B,S,C",1,1,0,1,0,0,0,0,0,0,0,0,0,1,0,1,0,1,0,0,0,0,0,0,0,0,0,0,0,0,0,0,0,0,0,0,0,0,0,0,0,0,0,0,0,0,0,0,0,0,0,0,0,0,0,0,0,0,0,0,0,0,0,0,0,0,0,0,0,0,0,0,0,0,0,0,0,0,0,0
2190,Musee du Chocolat Theobroma,Japan,2018,Venezuela,Chuao,0.7,"2- B,S","Fruity, Roasty",3.5,2," B,S",1,0,0,1,0,0,0,0,0,0,0,0,0,0,0,0,0,0,0,0,0,0,0,0,0,0,0,0,0,0,0,0,0,0,0,0,0,0,0,0,0,0,0,0,0,0,0,0,0,0,0,0,0,0,0,0,0,0,0,0,0,0,0,0,0,0,0,0,0,0,0,0,0,0,0,0,0,0,0,0
2676,Orfeve,Switzerland,2021,Peru,"San Ignacio, 2020 Harvest, Cajamarca, b. 6/10-1",0.7,"3- B,S,C","caramel, honey, roasty",3.25,3," B,S,C",1,1,0,1,0,0,0,0,0,0,1,0,0,0,0,0,0,0,0,0,0,0,0,0,0,0,0,0,1,0,0,0,0,0,0,0,0,0,0,0,0,0,0,0,0,0,0,0,0,1,0,0,0,0,0,0,0,0,0,0,0,0,0,0,0,0,0,0,0,0,0,0,0,0,0,0,0,0,0,0
2410,Pralus,France,2019,Sao Tome & Principe,Sao Tome & Principe,0.75,"4- B,S,C,L","deep cocoa, fatty, mild ashey",3.5,4," B,S,C,L",1,1,1,1,0,0,0,0,0,0,0,0,0,1,0,0,0,0,0,0,0,0,0,0,0,0,0,0,0,0,0,0,0,0,0,0,0,0,0,0,0,0,0,0,0,0,0,0,0,0,0,0,0,0,0,0,0,0,0,0,0,0,0,0,0,0,0,0,0,0,0,0,0,0,0,0,0,0,0,0
2414,Pralus,France,2019,Ghana,Ghana,0.75,"4- B,S,C,L","rich cocoa, fatty, roasty",3.25,4," B,S,C,L",1,1,1,1,0,0,0,0,0,0,1,0,0,1,0,0,0,0,0,0,0,0,0,0,0,0,0,0,0,0,0,0,0,0,0,1,0,0,0,0,0,0,0,0,0,0,0,0,0,0,0,0,0,0,0,0,0,0,0,0,0,0,0,0,0,0,0,0,0,0,0,0,0,0,0,0,0,0,0,0
2334,Raphio,U.S.A.,2019,Nicaragua,Matagalpa,0.72,"3- B,S,C","grassy, earthy, roasty, dirty",3.5,3," B,S,C",1,1,0,1,0,0,0,0,0,0,1,1,0,0,0,0,0,0,0,0,0,0,0,0,0,0,0,0,0,1,0,0,0,0,0,0,0,0,0,0,0,0,0,0,0,0,0,0,0,0,0,0,0,0,0,0,1,0,0,0,0,0,0,0,0,0,0,0,0,0,0,0,0,0,0,0,0,0,0,0
2514,Ritual,U.S.A.,2020,Madagascar,"Sambirano, 2019 h., batch 7",0.75,"3- B,S,C","tart fruit, roasty",3.5,3," B,S,C",1,1,0,1,0,0,0,0,0,0,1,0,0,0,0,0,0,0,0,0,0,0,0,0,0,0,0,0,0,0,0,0,0,0,0,0,0,0,0,0,0,0,0,0,0,0,0,0,0,0,0,0,0,0,0,0,0,0,0,0,0,0,0,0,0,0,0,0,0,0,0,0,0,0,0,0,0,0,0,0
2446,Seahorse,U.S.A.,2019,Uganda,Semuliki Forest,0.7,"2- B,S","cocoa, roasty, sticky",3.5,2," B,S",1,0,0,1,0,0,0,0,0,1,1,0,0,0,0,0,0,0,0,0,0,0,0,1,0,0,0,0,0,0,0,0,0,0,0,0,0,0,0,0,0,0,0,0,0,0,0,0,0,0,0,0,0,0,0,0,0,0,0,0,0,0,0,0,0,0,0,0,0,0,0,0,0,0,0,0,0,0,0,0
2660,Seahorse,U.S.A.,2021,India,Anamalai,0.7,"2- B,S","sticky, dark berry, roasty edge",3.5,2," B,S",1,0,0,1,0,0,0,0,0,0,0,0,0,0,0,0,0,0,0,0,0,0,0,1,0,0,0,0,0,0,0,0,0,0,0,0,0,0,0,0,0,0,0,0,0,0,0,0,0,0,0,0,0,0,0,0,0,0,0,0,0,0,0,0,0,0,0,0,0,0,0,0,0,0,0,0,0,0,0,0
2660,Seahorse,U.S.A.,2021,Trinidad,Gewan Gangaram,0.75,"2- B,S","sl roasty, woody, melon, spicy",3.25,2," B,S",1,0,0,1,0,0,0,0,0,0,0,0,0,0,0,0,0,1,0,0,0,1,0,0,0,0,0,0,0,0,0,0,0,0,0,0,0,0,0,0,0,0,0,0,0,0,0,0,0,0,0,0,0,1,0,0,0,0,0,0,0,0,0,0,0,0,0,0,0,0,0,0,0,0,0,0,0,0,0,0
2684,Spinnaker,U.S.A.,2021,Madagascar,"Bejofo, Akesson, batch 10-1",0.7,"2- B,S","plum, roasty undertone, sour",3.5,2," B,S",1,0,0,1,0,0,0,0,0,0,0,0,0,0,0,0,1,0,0,0,0,0,0,0,0,0,0,0,0,0,0,0,0,0,0,0,0,0,0,0,0,0,0,0,0,0,0,0,0,0,0,0,0,0,0,0,0,0,0,0,0,0,0,0,0,0,0,0,0,0,0,0,0,0,0,0,0,0,0,0
2210,Utopick,Spain,2018,Nicaragua,Nugo,0.7,"3- B,S,C",roasty cocoa,3.75,3," B,S,C",1,1,0,1,0,0,0,0,0,0,0,0,0,0,0,0,0,0,0,0,0,0,0,0,0,0,0,0,0,0,0,0,0,0,0,0,0,0,0,0,0,0,0,0,0,0,0,0,0,0,0,0,0,0,0,0,0,0,0,0,0,0,0,0,0,0,0,0,0,0,0,0,0,0,0,0,0,0,0,0
2190,Vicuna,U.S.A.,2018,Dominican Republic,San Francisco de Macoris,0.7,"2- B,S","dark berry, roasty",3.25,2," B,S",1,0,0,1,0,0,0,0,0,0,1,0,0,0,0,0,0,0,0,0,0,0,0,0,0,0,0,0,0,0,0,0,0,0,0,0,0,0,0,0,0,0,0,0,0,0,0,0,0,0,0,0,0,0,0,0,0,0,0,0,0,0,0,0,0,0,0,0,0,0,0,0,0,0,0,0,0,0,0,0
2622,White Label aka Mutari,U.S.A.,2021,Honduras,"La Masica, 2015 harvest, b. LH74HORZConcheV2",0.74,"2- B,S","brownie, nutty, roasty",3.75,2," B,S",1,0,0,1,0,0,0,0,1,0,1,0,0,0,0,0,0,0,0,0,0,0,0,0,0,0,0,0,0,0,0,0,0,0,0,0,0,0,1,0,0,0,0,0,0,0,0,0,0,0,0,0,0,0,0,0,0,0,0,0,0,0,0,0,0,0,0,0,0,0,0,0,0,0,0,0,0,0,0,0
2522,Xocolatl,U.S.A.,2020,Nicaragua,"Matagalpa, batch 57",0.72,"2- B,S","sandy, roasty, fig, late spiciness",3.5,2," B,S",1,0,0,1,0,0,0,0,0,0,1,0,0,0,1,0,0,0,0,0,0,0,0,0,0,0,0,0,0,0,0,0,0,0,0,0,0,0,0,0,0,0,0,0,0,0,0,0,0,0,0,0,0,0,0,0,0,0,0,0,0,0,0,0,0,0,0,0,0,0,0,0,0,0,0,0,0,0,0,0
2522,Xocolatl,U.S.A.,2020,Tanzania,"Kokoa Kamili, Kilombero Valley, batch 1",0.73,"2- B,S","sandy, earthy, hint of tang",3.25,2," B,S",1,0,0,1,0,0,0,0,0,0,0,1,0,0,1,0,0,0,0,0,0,0,0,0,0,0,0,0,0,0,0,0,0,0,0,0,0,0,0,0,0,0,0,0,0,0,0,0,0,0,0,0,0,0,0,0,0,0,0,0,0,0,0,0,0,0,0,0,0,0,0,0,0,0,0,0,0,0,0,0
2170,Zotter,Austria,2018,Belize,Maya Mtn,0.72,"3- B,S,C","muted, roasty, accessible",3.5,3," B,S,C",1,1,0,1,0,0,0,0,0,0,1,0,0,0,0,0,0,0,0,0,0,0,0,0,0,0,0,0,0,0,0,0,0,0,0,0,0,0,0,0,0,0,0,0,0,0,0,0,0,0,0,0,0,0,0,0,0,0,0,0,0,0,0,0,0,0,0,1,0,0,0,0,0,0,0,0,0,0,0,0
2170,Zotter,Austria,2018,Congo,Mountains of the Moon,0.7,"3- B,S,C","fatty, mild nuts, mild fruit",3.25,3," B,S,C",1,1,0,1,0,0,0,0,0,0,0,0,0,1,0,0,0,0,0,0,0,0,0,0,0,0,0,0,0,0,0,0,0,0,0,0,0,0,0,0,0,0,0,0,0,0,0,0,0,0,0,0,0,0,1,0,0,0,0,0,0,0,0,0,0,0,0,0,0,0,0,0,0,0,0,0,0,0,0,0
